_id,url,brand,name,discountedPrice,actualPrice,imageUrl1,_class,tag[0],tags[0]
64d7d3f971578b6a39a1fd6d,https://www.myntra.com/kurta-sets/khushal-k/khushal-k-ethnic-motifs-embroidered-sequined-kurta-with-palazzos--dupatta/22120556/buy,Khushal K,Kurta with Palazzos & Dupatta,Rs. 1416,Rs. 5449,"https://assets.myntassets.com/dpr_2,q_60,w_210,c_limit,fl_progressive/assets/images/22120556/2023/2/25/986d6f97-fe9b-487a-9c64-f577e0a32c491677314970316KhushalKwomenEmbroideryKurtaandpalazzowithdupattaset7.jpg",com.scram.WebScrape.model.myntra.ProductCard,kurta,
64d7d3f971578b6a39a1fd6e,https://www.myntra.com/kurta-sets/singni/singni-women-purple-ethnic-motifs-embroidered-mirror-work-kurta-with-trousers--dupatta/20695836/buy,SINGNI,Women Embroidered Kurta Set,Rs. 1149,Rs. 4999,"https://assets.myntassets.com/dpr_2,q_60,w_210,c_limit,fl_progressive/assets/images/20695836/2022/11/10/ba1724c2-c606-481c-a0ca-63424b61a8661668078028270WomensRayonPrintedEmbroideredKurtaWithPantAndDupatta1.jpg",com.scram.WebScrape.model.myntra.ProductCard,kurta,
64d7d3fa71578b6a39a1fd6f,https://www.myntra.com/kurta-sets/kalini/kalini-bandhani-printed-regular-kurta-with-trousers--dupatta/23518532/buy,KALINI,Kurta With Trousers & Dupatta,Rs. 887,Rs. 3699,"https://assets.myntassets.com/dpr_2,q_60,w_210,c_limit,fl_progressive/assets/images/23518532/2023/6/3/273ebd01-f415-4e99-bdd2-1653bd54484c1685778790324KALINIWomenMultiColorStraightPrintedKurtawithTrouserDupatta7.jpg",com.scram.WebScrape.model.myntra.ProductCard,kurta,
64d7d3fa71578b6a39a1fd70,https://www.myntra.com/kurta-sets/libas/libas-women-beige--mustard-yellow-zari-woven-design-straight-kurta-trousers-dupatta/17487194/buy,Libas,Zari Woven Design Kurta Set,Rs. 1934,Rs. 4499,"https://assets.myntassets.com/dpr_2,q_60,w_210,c_limit,fl_progressive/assets/images/17487194/2022/3/21/2dd80782-75be-496b-8bac-2978541418161647846846121-Libas-Women-Kurta-Sets-7321647846845273-1.jpg",com.scram.WebScrape.model.myntra.ProductCard,kurta,
64d7d3fa71578b6a39a1fd71,https://www.myntra.com/kurta-sets/anayna/anayna-women-floral-printed-regular-kurta-with-trousers/22858200/buy,anayna,Women Printed Kurta with Trousers,Rs. 1119,Rs. 2798,"https://assets.myntassets.com/dpr_2,q_60,w_210,c_limit,fl_progressive/assets/images/22858200/2023/4/27/190af50d-4a62-42b2-93f6-aca26ae7c5961682582082917-Anaya-Womens-Cotton-Straight-Sleeveless-Suit-Set-46116825820-1.jpg",com.scram.WebScrape.model.myntra.ProductCard,kurta,
64d7d3fa71578b6a39a1fd72,https://www.myntra.com/kurta-sets/nuhh/nuhh-floral-printed-regular-kurta-with-trousers--dupatta/23639632/buy,NUHH,Kurta with Trousers & Dupatta,Rs. 4080,Rs. 6800,"https://assets.myntassets.com/dpr_2,q_60,w_210,c_limit,fl_progressive/assets/images/23639632/2023/6/15/c95a241c-fbfa-443f-adb8-073cee84995c1686811659350KurtaSets1.jpg",com.scram.WebScrape.model.myntra.ProductCard,kurta,
64d7d3fa71578b6a39a1fd73,https://www.myntra.com/kurtas/here%26now/herenow-black-lucknowi-chikankari-embroidered-georgette-anarkali-kurta-with-dupatta/22169482/buy,HERE&NOW,Georgette Anarkali Kurta,Rs. 692,Rs. 2663,"https://assets.myntassets.com/dpr_2,q_60,w_210,c_limit,fl_progressive/assets/images/22169482/2023/2/28/a5e56e55-1cce-4095-838f-ecb112409c5a1677593574323HERENOWWomenBlackMirrorWorkFloralGeorgetteAnarkaliKurta1.jpg",com.scram.WebScrape.model.myntra.ProductCard,kurta,
64d7d3fa71578b6a39a1fd74,https://www.myntra.com/kurta-sets/kalini/kalini-women-floral-printed-kurta-with-trousers--dupatta/21320942/buy,KALINI,Women Printed Kurta Set With Dupatta,Rs. 883,Rs. 3843,"https://assets.myntassets.com/dpr_2,q_60,w_210,c_limit,fl_progressive/assets/images/21320942/2022/12/27/aeb5364c-9221-4944-8567-aae54e728ab81672136428569KALINIWomenOrangeStraightPrintedKurtaWithTrouserDupatta1.jpg",com.scram.WebScrape.model.myntra.ProductCard,kurta,
64d7d3fa71578b6a39a1fd75,https://www.myntra.com/kurtas/libas/libas-women-blue--pink-floral-motifs-printed-kurta/17644452/buy,Libas,Women Ethnic Motifs Printed Kurta,Rs. 644,Rs. 1499,"https://assets.myntassets.com/dpr_2,q_60,w_210,c_limit,fl_progressive/assets/images/17644452/2022/4/6/ef668fbb-c88a-4243-b9bd-3282d2a84afd1649238881413-Libas-Women-Kurtas-5701649238880836-1.jpg",com.scram.WebScrape.model.myntra.ProductCard,kurta,
64d7d3fa71578b6a39a1fd76,https://www.myntra.com/kurta-sets/khushal-k/khushal-k-floral-printed-empire-thread--mirror-work-kurta-with-palazzos--dupatta/22559294/buy,Khushal K,Kurta with Palazzos & Dupatta,Rs. 1572,Rs. 6049,"https://assets.myntassets.com/dpr_2,q_60,w_210,c_limit,fl_progressive/assets/images/22559294/2023/3/29/fd39a36f-a3c2-48a7-8d70-d896dd49213c1680086718106KhushalKwomenembroideryrayonkurtaandpalazzowithdupattaset7.jpg",com.scram.WebScrape.model.myntra.ProductCard,kurta,
64d7d3fa71578b6a39a1fd77,https://www.myntra.com/kurta-sets/nayo/nayo-women-floral-printed-gotta-patti-pure-cotton-kurta-with-trousers--with-dupatta/22425696/buy,Nayo,Women Printed Kurta with Trousers With Dupatta,Rs. 1405,Rs. 3799,"https://assets.myntassets.com/dpr_2,q_60,w_210,c_limit,fl_progressive/assets/images/22425696/2023/3/30/2367e6e7-a74a-4ac1-b90b-71b2e409aa671680148673364-Women-Blue-Printed-Straight-Kurta-With-Trouser-And-Dupatta-8-1.jpg",com.scram.WebScrape.model.myntra.ProductCard,kurta,
64d7d3fa71578b6a39a1fd78,https://www.myntra.com/kurta-sets/kalini/kalini--v-neck-floral-printed-angrakha-pure-cotton-kurta--trousers-with-dupatta/24122032/buy,KALINI,Floral Pure Cotton Kurta Set,Rs. 1499,Rs. 5299,"https://assets.myntassets.com/dpr_2,q_60,w_210,c_limit,fl_progressive/assets/images/24122032/2023/7/20/2e20e1d5-e8e2-4a05-a9b0-81e18da7cf4f1689855030886KurtaSets1.jpg",com.scram.WebScrape.model.myntra.ProductCard,kurta,
64d7d3fa71578b6a39a1fd79,https://www.myntra.com/kurta-sets/sangria/sangria-floral-printed-embroiderd-kurta-with-trouser-dupatta/23479440/buy,Sangria,Embroidered Kurta Set,Rs. 1469,Rs. 5249,"https://assets.myntassets.com/dpr_2,q_60,w_210,c_limit,fl_progressive/assets/images/23479440/2023/5/30/f22b9e4a-7956-4df5-9214-2d4091e4ff781685460093655KurtaSets1.jpg",com.scram.WebScrape.model.myntra.ProductCard,kurta,
64d7d3fa71578b6a39a1fd7a,https://www.myntra.com/kurta-sets/libas/libas-women-navy-blue-pure-cotton-floral-print-kurta-with-palazzos--dupatta/14046594/buy,Libas,Cotton Floral Print Kurta Sets,Rs. 1403,Rs. 3599,"https://assets.myntassets.com/dpr_2,q_60,w_210,c_limit,fl_progressive/assets/images/14046594/2022/6/9/5fba9594-3301-4881-ba56-d56a44570e831654747998773LibasWomenNavyBluePureCottonFloralPrintKurtawithPalazzosDupa1.jpg",com.scram.WebScrape.model.myntra.ProductCard,kurta,
64d7d3fa71578b6a39a1fd7b,https://www.myntra.com/kurtas/anayna/anayna-ethnic-motifs-printed-kurta/22143838/buy,anayna,Women Ethnic Motifs Printed Kurta,Rs. 503,Rs. 1799,"https://assets.myntassets.com/dpr_2,q_60,w_210,c_limit,fl_progressive/assets/images/22143838/2023/3/9/19485e92-d4cf-4d2e-8e10-01dacc0d4b4d1678359322683-anayna-Ethnic-Motifs-Printed-Kurta-5981678359322070-1.jpg",com.scram.WebScrape.model.myntra.ProductCard,kurta,
64d7d5097197ad75e8870489,https://www.myntra.com/kurta-sets/kalini/kalini-ethnic-motifs-printed-sequinned-a-line-kurta-with-trousers--dupatta/23289092/buy,KALINI,Kurta With Trousers & Dupatta,Rs. 1416,Rs. 6745,"https://assets.myntassets.com/dpr_2,q_60,w_210,c_limit,fl_progressive/assets/images/23289092/2023/5/19/4b6c97bf-1226-4795-8f2d-35f0f4a902931684494367738WomensRayonEmbroideredStraightKurtaWithPantandDupattaSetBlac1.jpg",com.scram.WebScrape.model.myntra.ProductCard,kurta,
64d7d5167197ad75e887048a,https://www.myntra.com/kurta-sets/khushal-k/khushal-k-women-black-ethnic-motifs-printed-kurta-with-palazzos--with-dupatta/17048614/buy,Khushal K,Women Kurta Set With Dupatta,Rs. 1325,Rs. 5099,"https://assets.myntassets.com/dpr_2,q_60,w_210,c_limit,fl_progressive/assets/images/17048614/2022/2/4/b0eb9426-adf2-4802-a6b3-5dbacbc5f2511643971561167KhushalKWomenBlackEthnicMotifsAngrakhaBeadsandStonesKurtawit7.jpg",com.scram.WebScrape.model.myntra.ProductCard,kurta,
64d84cfc70ed0230c302992b,https://www.myntra.com/kurta-sets/kalini/kalini--v-neck-floral-printed-angrakha-pure-cotton-kurta--trousers-with-dupatta/24122032/buy,KALINI,Floral Pure Cotton Kurta Set,Rs. 1499,Rs. 5299,"https://assets.myntassets.com/dpr_2,q_60,w_210,c_limit,fl_progressive/assets/images/24122032/2023/7/20/2e20e1d5-e8e2-4a05-a9b0-81e18da7cf4f1689855030886KurtaSets1.jpg",com.scram.WebScrape.model.myntra.ProductCard,kurta,
64d84e3fbe37e03a6960f966,https://www.myntra.com/kurta-sets/anouk/anouk-women-red-yoke-design-kurta-with-palazzos--with-dupatta/16707380/buy,Anouk,Women Yoke Design Kurta with Palazzos With Dupatta,Rs. 1469,Rs. 4199,"https://assets.myntassets.com/dpr_2,q_60,w_210,c_limit,fl_progressive/assets/images/16707380/2022/2/3/de9d67d7-394c-422e-a016-d5bf5f2ec7491643888592182-Anouk-Women-Kurta-Sets-6761643888591217-1.jpg",com.scram.WebScrape.model.myntra.ProductCard,kurta,
64d84e48be37e03a6960f967,https://www.myntra.com/kurta-sets/libas/libas-women-navy-blue-pure-cotton-floral-print-kurta-with-palazzos--dupatta/14046594/buy,Libas,Cotton Floral Print Kurta Sets,Rs. 1403,Rs. 3599,"https://assets.myntassets.com/dpr_2,q_60,w_210,c_limit,fl_progressive/assets/images/14046594/2022/6/9/5fba9594-3301-4881-ba56-d56a44570e831654747998773LibasWomenNavyBluePureCottonFloralPrintKurtawithPalazzosDupa1.jpg",com.scram.WebScrape.model.myntra.ProductCard,kurta,
64d84e762fd2052a31a78098,https://www.myntra.com/kurta-sets/varanga/varanga-women-maroon-embroidered-yoke-design-kurta-with-trousers--dupatta/17932254/buy,Varanga,Women Embroidered Kurta Set,Rs. 1379,Rs. 5999,"https://assets.myntassets.com/dpr_2,q_60,w_210,c_limit,fl_progressive/assets/images/17932254/2022/5/12/4be8baea-c808-42d5-8f70-0db0f10bf3a61652343454751-Varanga-Women-Kurta-Sets-3301652343454044-1.jpg",com.scram.WebScrape.model.myntra.ProductCard,kurta,
64d84e802fd2052a31a78099,https://www.myntra.com/kurta-sets/kalini/kalini-women-pink-floral-printed-kurta-with-trousers--with-dupatta/17741474/buy,KALINI,Women Printed Kurta with Trousers With Dupatta,Rs. 874,Rs. 3499,"https://assets.myntassets.com/dpr_2,q_60,w_210,c_limit,fl_progressive/assets/images/17741474/2022/4/4/3d3b3582-de6e-4514-b39d-9314d7bed3861649077991860KALINIWomenPinkAngrakhaKurtiwithTrousersWithDupatta7.jpg",com.scram.WebScrape.model.myntra.ProductCard,kurta,
64d84e892fd2052a31a7809a,https://www.myntra.com/kurta-sets/khushal-k/khushal-k-women-black-ethnic-motifs-printed-kurta-with-palazzos--with-dupatta/17048614/buy,Khushal K,Women Kurta Set With Dupatta,Rs. 1325,Rs. 5099,"https://assets.myntassets.com/dpr_2,q_60,w_210,c_limit,fl_progressive/assets/images/17048614/2022/2/4/b0eb9426-adf2-4802-a6b3-5dbacbc5f2511643971561167KhushalKWomenBlackEthnicMotifsAngrakhaBeadsandStonesKurtawit7.jpg",com.scram.WebScrape.model.myntra.ProductCard,kurta,
64d84e922fd2052a31a7809b,https://www.myntra.com/kurta-sets/nimidiya/nimidiya-ethnic-motifs-printed-regular-pure-cotton-kurta-with-trousers/24271470/buy,Nimidiya,Printed Pure Cotton Kurta Set,Rs. 799,Rs. 2999,"https://assets.myntassets.com/dpr_2,q_60,w_210,c_limit,fl_progressive/assets/images/24271470/2023/7/31/a901bffb-088b-4043-8916-c6e0bca291151690795307435NimidiyaWomenPinkEthnicMotifsPrintedRegularPureCottonKurtawi1.jpg",com.scram.WebScrape.model.myntra.ProductCard,kurta,
64d84e9b2fd2052a31a7809c,https://www.myntra.com/kurta-sets/kalini/kalini-floral-printed-regular-kurta-with-trousers/23403920/buy,KALINI,Floral Printed Kurta Set,Rs. 798,Rs. 2959,"https://assets.myntassets.com/dpr_2,q_60,w_210,c_limit,fl_progressive/assets/images/23403920/2023/5/25/67dd70fa-7dd1-4bb1-bb83-08e5d44f848b1685007903308KALINIWomenPinkStraightFloralPrintedKurtawithTrouser1.jpg",com.scram.WebScrape.model.myntra.ProductCard,kurta,
64d84ef299f2be64313fb4c7,https://www.myntra.com/kurta-sets/libas/libas-women-black-pure-cotton-ethnic-motifs-printed-kurta-with-palazzos--dupatta/15055282/buy,Libas,Women Cotton Printed Kurta Set,Rs. 1091,Rs. 2799,"https://assets.myntassets.com/dpr_2,q_60,w_210,c_limit,fl_progressive/assets/images/15055282/2021/8/23/deece1d1-0ef0-4769-96b3-3205f71beb1b1629716851778-Libas-Women-Kurta-Sets-3101629716851087-1.jpg",com.scram.WebScrape.model.myntra.ProductCard,kurta,
64d84ef599f2be64313fb4c8,https://www.myntra.com/kurta-sets/ahika/ahika-women-off-white--green-printed-kurta-with-palazzos/13596472/buy,AHIKA,Printed Kurta with Palazzos,Rs. 695,Rs. 2398,"https://assets.myntassets.com/dpr_2,q_60,w_210,c_limit,fl_progressive/assets/images/13596472/2021/2/26/b3a2f107-2633-4f23-93c2-caba0e768fe61614317062422-AHIKA-Women-Kurta-Sets-4641614317060315-1.jpg",com.scram.WebScrape.model.myntra.ProductCard,kurta,
64d84ef899f2be64313fb4c9,https://www.myntra.com/kurta-sets/varanga/varanga-women-mauve-floral-yoke-design-chanderi-silk-kurta-with-trousers--with-dupatta/20953150/buy,Varanga,Women Yoke Design Kurta with Trousers With Dupatta,Rs. 1619,Rs. 5999,"https://assets.myntassets.com/dpr_2,q_60,w_210,c_limit,fl_progressive/assets/images/20953150/2022/12/1/3a3864b2-fa53-4b50-8ecf-787347596ce31669892668710-Varanga-Women-Kurta-Sets-1081669892668125-1.jpg",com.scram.WebScrape.model.myntra.ProductCard,kurta,
64d84efb99f2be64313fb4ca,https://www.myntra.com/kurta-sets/bollyclues/bollyclues-floral-embroidered-regular-thread-work-kurta--palazzos-with-dupatta/24371926/buy,Bollyclues,Floral Embroidered Kurta Set,Rs. 1399,Rs. 1999,"https://assets.myntassets.com/dpr_2,q_60,w_210,c_limit,fl_progressive/assets/images/24371926/2023/8/7/02a77e86-5c05-4934-96b0-96e00ab790d31691386138585KurtaSets1.jpg",com.scram.WebScrape.model.myntra.ProductCard,kurta,
64d84efe99f2be64313fb4cb,https://www.myntra.com/kurta-sets/anouk/anouk-blue--white-ethnic-motifs-print-mirror-work-cotton-straight-kurta-trousers-dupatta/19133062/buy,Anouk,Ethnic Mirror Cotton Kurta Set,Rs. 1375,Rs. 4299,"https://assets.myntassets.com/dpr_2,q_60,w_210,c_limit,fl_progressive/assets/images/19133062/2022/8/11/1b60c6b0-a073-4442-ae04-46ca0373dac81660217138650-Anouk-Women-Kurta-Sets-6841660217138044-1.jpg",com.scram.WebScrape.model.myntra.ProductCard,kurta,
64d84f0199f2be64313fb4cc,https://www.myntra.com/kurta-sets/kalini/kalini-women-navy-blue-ethnic-motifs-embroidered-thread-work-kurta-with-trouser--dupatta/20327020/buy,KALINI,Women Embroidered Kurta Set,Rs. 908,Rs. 3635,"https://assets.myntassets.com/dpr_2,q_60,w_210,c_limit,fl_progressive/assets/images/20327020/2022/10/8/ca541544-3307-4ea4-b1d3-a7900e9db2851665211574523KALINIWomenNavyBlueStraightSolidKurtawithTrouserDupatta7.jpg",com.scram.WebScrape.model.myntra.ProductCard,kurta,
64d84f0499f2be64313fb4cd,https://www.myntra.com/kurta-sets/skyasia/skyasia-floral-printed-regular-anarkali-kurta-with-trousers--dupatta/23921136/buy,SkyaSia,Floral Printed Kurta Set,Rs. 1199,Rs. 2999,"https://assets.myntassets.com/dpr_2,q_60,w_210,c_limit,fl_progressive/assets/images/23921136/2023/7/7/5d0b5b2e-f6a4-4bf3-a45e-8c70920333f71688726905497SkyasiaWomenFloralPrintedAnarkaliKurtaPalazzoWithDupattaSet1.jpg",com.scram.WebScrape.model.myntra.ProductCard,kurta,
64d84f0799f2be64313fb4ce,https://www.myntra.com/sarees/vastranand/vastranand-ombre-dyed-poly-georgette-celebrity-saree/24203464/buy,VASTRANAND,Ombre Dyed Celebrity Saree,Rs. 984,Rs. 7575,"https://assets.myntassets.com/dpr_2,q_60,w_210,c_limit,fl_progressive/assets/images/24203464/2023/7/26/bc54d1ef-1483-4b36-8597-c35829dbc9751690351210331VastranandombrecelebritySaree1.jpg",com.scram.WebScrape.model.myntra.ProductCard,kurta,
64d84f0a99f2be64313fb4cf,https://www.myntra.com/kurta-sets/varanga/varanga-women-mustard-yellow-yoke-design-mirror-work-cotton-kurta-with-trousers--dupatta/17251490/buy,Varanga,Women Yoke Design Kurta with Trousers With Dupatta,Rs. 1399,Rs. 4999,"https://assets.myntassets.com/dpr_2,q_60,w_210,c_limit,fl_progressive/assets/images/17251490/2022/3/10/c73748cb-9947-4e36-a251-f7a850bac72a1646887645805-Varanga-Women-Yellow-Yoke-Design-Kurta-With-Trousers-And-Dup-1.jpg",com.scram.WebScrape.model.myntra.ProductCard,kurta,
64d84f0d99f2be64313fb4d0,https://www.myntra.com/kurta-sets/indo+era/indo-era-women-purple-yoke-design-kurta-with-palazzos--with-dupatta/16712782/buy,Indo Era,Women Yoke Design Kurta with Palazzos With Dupatta,Rs. 999,Rs. 3999,"https://assets.myntassets.com/dpr_2,q_60,w_210,c_limit,fl_progressive/assets/images/16712782/2022/4/14/2afbbc41-329f-4850-8aee-00dccdf641851649922896889-Indo-Era-Solid-Wine-Straight-Kurta-Palazzo-With-Dupatta-Set--1.jpg",com.scram.WebScrape.model.myntra.ProductCard,kurta,
64d84f1199f2be64313fb4d1,https://www.myntra.com/kurta-sets/yufta/yufta-women-floral-printed-regular-pure-cotton-kurta-with-trousers--with-dupatta/23222872/buy,Yufta,Women Printed Kurta with Trousers With Dupatta,Rs. 2119,Rs. 5299,"https://assets.myntassets.com/dpr_2,q_60,w_210,c_limit,fl_progressive/assets/images/23222872/2023/6/22/4d42535f-75dc-4738-a7eb-a9bdbed4e7101687433261806-Yufta-Women-Kurta-Sets-8711687433261210-1.jpg",com.scram.WebScrape.model.myntra.ProductCard,kurta,
64d84f1499f2be64313fb4d2,https://www.myntra.com/tops/qomn/qomn-blue-print-mandarin-collar-empire-pure-cotton-longline-top/19524874/buy,QOMN,Print Mandarin Collar Empire Top,Rs. 1049,Rs. 1499,"https://assets.myntassets.com/dpr_2,q_60,w_210,c_limit,fl_progressive/assets/images/19524874/2022/8/17/0fb689b3-28b4-4f6a-be08-a2ce9dfedcdc1660715206206QOMNBluePrintMandarinCollarTop1.jpg",com.scram.WebScrape.model.myntra.ProductCard,kurta,
64d84f1799f2be64313fb4d3,https://www.myntra.com/kurta-sets/anouk/anouk-women-olive-green-ethnic-motifs-yoke-design-kurta-with-palazzos--with-dupatta/14399812/buy,Anouk,Kurta with Palazzos & Dupatta,Rs. 1469,Rs. 4199,"https://assets.myntassets.com/dpr_2,q_60,w_210,c_limit,fl_progressive/assets/images/14399812/2021/6/11/61ac3eaa-c553-4230-9458-28aa7bd088301623391467623-Anouk-Women-Kurta-Sets-961623391466905-11.jpg",com.scram.WebScrape.model.myntra.ProductCard,kurta,
64d84f1a99f2be64313fb4d4,https://www.myntra.com/kurta-sets/indo+era/indo-era-women-brown-floral-embroidered-regular-kurta-with-trousers--with-dupatta/15508860/buy,Indo Era,Women Embroidered Kurta with Trousers With Dupatta,Rs. 1749,Rs. 6999,"https://assets.myntassets.com/dpr_2,q_60,w_210,c_limit,fl_progressive/assets/images/15508860/2021/9/29/d25f1163-f0df-4639-a8d2-8b097e3977181632905244424IndoEraCoffeeEmbroideredStraightKurtaTrouserWithDupattaSet1.jpg",com.scram.WebScrape.model.myntra.ProductCard,kurta,
64d84f1d99f2be64313fb4d5,https://www.myntra.com/kurta-sets/libas/libas-women-pink-bandhani-printed-gotta-patti-pure-cotton-kurta-with-trousers--with-dupatta/16857684/buy,Libas,Women Printed Kurta with Trousers With Dupatta,Rs. 1169,Rs. 2999,"https://assets.myntassets.com/dpr_2,q_60,w_210,c_limit,fl_progressive/assets/images/16857684/2022/2/1/d7e8761b-6032-4fa6-9aa6-83f253e982911643693009626-Libas-Women-Kurta-Sets-8531643693008464-1.jpg",com.scram.WebScrape.model.myntra.ProductCard,kurta,
64d84f2099f2be64313fb4d6,https://www.myntra.com/kurta-sets/khushal-k/khushal-k-women-pink-kurta-with-palazzos--dupatta/18483950/buy,Khushal K,Women Yoke Design Kurta with Palazzos With Dupatta,Rs. 1325,Rs. 5099,"https://assets.myntassets.com/dpr_2,q_60,w_210,c_limit,fl_progressive/assets/images/18483950/2022/6/7/23c59537-fcac-40b1-8e64-4818e8a3e21d1654577763968-Khushal-K-Women-Pink-Ethnic-Motifs-Beads-and-Stones-Kurta-wi-11.jpg",com.scram.WebScrape.model.myntra.ProductCard,kurta,
64d84f2399f2be64313fb4d7,https://www.myntra.com/kurtas/label-aishwaryrika/label-aishwaryrika-chikankari-embroidered-thread-work-kurta/24131188/buy,LABEL AISHWARYRIKA,Chikankari Embroidered Kurta,,,"https://assets.myntassets.com/dpr_2,q_60,w_210,c_limit,fl_progressive/assets/images/24131188/2023/7/21/96fc4202-7b04-4381-aacf-564d298f6fc91689926034757LABELAISHWARYRIKAWomenPinkPaisleyChikankariHandloomGeorgette1.jpg",com.scram.WebScrape.model.myntra.ProductCard,kurta,
64d84f2699f2be64313fb4d8,https://www.myntra.com/tops/anouk/anouk-white-mandarin-collar-empire-top/13238794/buy,Anouk,Mandarin Collar Empire Top,Rs. 593,Rs. 1799,"https://assets.myntassets.com/dpr_2,q_60,w_210,c_limit,fl_progressive/assets/images/13238794/2021/6/5/c44ab368-359b-4351-a4e2-38013be51e8b1622875534045-Anouk-Women-Tops-751622875533409-1.jpg",com.scram.WebScrape.model.myntra.ProductCard,kurta,
64d84f2999f2be64313fb4d9,https://www.myntra.com/kurta-sets/anouk/anouk-women-off-white--pink-ethnic-motifs-yoke-design-kurta-with-trousers--with-dupatta/16271666/buy,Anouk,Women Yoke Design Kurta Set,Rs. 1014,Rs. 2899,"https://assets.myntassets.com/dpr_2,q_60,w_210,c_limit,fl_progressive/assets/images/16271666/2021/12/17/400d8d43-1f58-485a-b538-87aa1ac86f121639741487274-Anouk-Women-Kurta-Sets-2331639741486508-1.jpg",com.scram.WebScrape.model.myntra.ProductCard,kurta,
64d84f2c99f2be64313fb4da,https://www.myntra.com/ethnic-dresses/indo-era/indo-era-green--pink-floral-embroidered-ethnic-a-line-maxi-ethnic-dress/19685276/buy,Indo Era,Floral A-Line Dress,Rs. 827,Rs. 3599,"https://assets.myntassets.com/dpr_2,q_60,w_210,c_limit,fl_progressive/assets/images/19685276/2022/9/7/075a2d27-4110-43aa-9880-423815d400361662534315890-Indo-Era-Multi-Embroidered-A-Line-Ethnic-Dress-5011662534315-1.jpg",com.scram.WebScrape.model.myntra.ProductCard,kurta,
64d84f2f99f2be64313fb4db,https://www.myntra.com/kurta-sets/kalini/kalini-women-maroon-floral-printed-pure-cotton-kurta-with-trousers/21050740/buy,KALINI,Women Printed Kurta with Trousers,Rs. 839,Rs. 3999,"https://assets.myntassets.com/dpr_2,q_60,w_210,c_limit,fl_progressive/assets/images/21050740/2022/12/5/b169c6dd-1606-4dc6-b27b-f9e6d198e27d1670260722979KALINIWomenMaroonFloralPrintedPureCottonKurtawithTrousers1.jpg",com.scram.WebScrape.model.myntra.ProductCard,kurta,
64d84f3299f2be64313fb4dc,https://www.myntra.com/kurta-sets/libas/libas-women-beige-floral-printed-regular-kurta-with-palazzos--with-dupatta/15258142/buy,Libas,Women Printed Kurta with Palazzos With Dupatta,Rs. 1224,Rs. 3499,"https://assets.myntassets.com/dpr_2,q_60,w_210,c_limit,fl_progressive/assets/images/15258142/2021/9/16/9dff36a9-d566-4733-98bd-451c07ba53221631786408779-Libas-Women-Kurta-Sets-691631786407588-1.jpg",com.scram.WebScrape.model.myntra.ProductCard,kurta,
64d84f3599f2be64313fb4dd,https://www.myntra.com/kurta-sets/indo+era/indo-era-women-yoke-design-straight-kurta-and-palazzo-with-dupatta-/13962282/buy,Indo Era,Women Yoke Design Kurta Sets,Rs. 1189,Rs. 6999,"https://assets.myntassets.com/dpr_2,q_60,w_210,c_limit,fl_progressive/assets/images/13962282/2021/7/5/26f8c8a9-e900-4510-9fb0-ac42f029442c1625483017312-Indo-Era-Beigh-Embroidered-Straight-Kurta-Palazzo-With-Dupat-1.jpg",com.scram.WebScrape.model.myntra.ProductCard,kurta,
64d84f3999f2be64313fb4de,https://www.myntra.com/kurta-sets/khushal-k/khushal-k-women-floral-printed-gotta-patti-pure-cotton-kurta-with-palazzos--dupatta/21285838/buy,Khushal K,Women Kurta with Palazzos & Dupatta,Rs. 1481,Rs. 5699,"https://assets.myntassets.com/dpr_2,q_60,w_210,c_limit,fl_progressive/assets/images/21285838/2022/12/23/35e465a7-3bd2-4021-ae61-2b2e2f710cac1671773440084KhushalKWomencottonkurtaandpalazzowithdupattaset7.jpg",com.scram.WebScrape.model.myntra.ProductCard,kurta,
64d84f3c99f2be64313fb4df,https://www.myntra.com/kurta-sets/yufta/yufta-women-ethnic-motifs-printed-regular-pure-cotton-kurta-with-trousers--with-dupatta/23222876/buy,Yufta,Women Printed Kurta with Trousers With Dupatta,Rs. 1839,Rs. 4599,"https://assets.myntassets.com/dpr_2,q_60,w_210,c_limit,fl_progressive/assets/images/23222876/2023/6/22/129bda81-1d38-4632-883b-aa8286b9bd171687433349692-Yufta-Women-Kurta-Sets-2651687433349170-1.jpg",com.scram.WebScrape.model.myntra.ProductCard,kurta,
64d85184215cf753ad5bdc82,https://www.myntra.com/lehenga-choli/vidraa-western-store/vidraa-western-store-embellished-sequinned-ready-to-wear-lehenga--blouse-with-dupatta/23960842/buy,Vidraa Western Store,Ready to Wear Lehenga Blouse With Dupatta,Rs. 2999,Rs. 6499,"https://assets.myntassets.com/dpr_2,q_60,w_210,c_limit,fl_progressive/assets/images/23960842/2023/7/10/9ab84299-1587-4bd1-9676-cc1b6ce1a34b1689008263930LehengaCholi1.jpg",com.scram.WebScrape.model.myntra.ProductCard,,lehenga-choli
64d85187215cf753ad5bdc83,https://www.myntra.com/lehenga-choli/libas/libas-enchanting-green-colour-classy-embroidered-lehenga-with-solid-choli/14914166/buy,Libas,Enchanting Green Colour Classy Embroidered Lehenga with Solid Choli,Rs. 1749,Rs. 4999,"https://assets.myntassets.com/dpr_2,q_60,w_210,c_limit,fl_progressive/assets/images/14914166/2021/8/24/19e49676-2dd4-4273-89d9-4ac9083e4d691629785952899-Libas-Women-Lehenga-Choli-8081629785952553-1.jpg",com.scram.WebScrape.model.myntra.ProductCard,,lehenga-choli
64d8518a215cf753ad5bdc84,https://www.myntra.com/lehenga-choli/sangria/sangria-girls-black--red-ethnic-motifs-print-pure-cotton-ready-to-wear-lehenga--choli/19373728/buy,Sangria,Girls Printed Lehenga & Choli,Rs. 1019,Rs. 3399,"https://assets.myntassets.com/dpr_2,q_60,w_210,c_limit,fl_progressive/assets/images/19373728/2023/2/21/1887aad9-f980-4c77-a05d-e38954a9ae3b1676972566349SangriaGirlsBlackRedEthnicMotifsPrintPureCottonReadytoWearLe1.jpg",com.scram.WebScrape.model.myntra.ProductCard,,lehenga-choli
64d8518d215cf753ad5bdc85,https://www.myntra.com/lehenga-choli/bitiya-by-bhama/bitiya-by-bhama-girls-sea-green--pink-printed-foil-print-ready-to-wear-lehenga-choli/17493108/buy,Bitiya by Bhama,Ready to Wear Lehenga Choli,Rs. 799,Rs. 3999,"https://assets.myntassets.com/dpr_2,q_60,w_210,c_limit,fl_progressive/assets/images/17493108/2022/3/12/60a5d18c-2103-42bd-8572-e59e2d7c49ba1647066124643BitiyabyBhamaGirlsSeaGreenLehengaCholi1.jpg",com.scram.WebScrape.model.myntra.ProductCard,,lehenga-choli
64d85190215cf753ad5bdc86,https://www.myntra.com/lehenga-choli/house-of-pataudi/house-of-pataudi-girls-yellow--pink-ready-to-wear-lehenga--blouse-with-dupatta/14499134/buy,House of Pataudi,Ready to Wear Lehenga Blouse With Dupatta,Rs. 839,Rs. 2799,"https://assets.myntassets.com/dpr_2,q_60,w_210,c_limit,fl_progressive/assets/images/14499134/2022/3/29/26460d8c-2f20-4fc1-84f4-05c9f8866f4a1648563711998-House-of-Pataudi-Girls-Yellow--Pink-Ready-to-Wear-Lehenga--B-1.jpg",com.scram.WebScrape.model.myntra.ProductCard,,lehenga-choli
64d85194215cf753ad5bdc87,https://www.myntra.com/lehenga-choli/rangpur/rangpur-girls-square-neck-embroidered-sequinned--lehenga--blouse-/23951974/buy,Rangpur,Girls Silk Lehenga Choli,Rs. 3960,Rs. 4400,"https://assets.myntassets.com/dpr_2,q_60,w_210,c_limit,fl_progressive/assets/images/23951974/2023/7/10/c1f890ef-cbf6-410e-ac19-6bd9ed3b38cb1688985181311RangpurGirlsPeach-ColouredGold-TonedEmbroideredSequinnedRead1.jpg",com.scram.WebScrape.model.myntra.ProductCard,,lehenga-choli
64d85197215cf753ad5bdc88,https://www.myntra.com/lehenga-choli/sangria/sangria-girls-green--golden-ethnic-motifs-print-ready-to-wear-lehenga-choli-with-dupatta/19373726/buy,Sangria,Girls Lehenga Choli & Dupatta,Rs. 1139,Rs. 3799,"https://assets.myntassets.com/dpr_2,q_60,w_210,c_limit,fl_progressive/assets/images/19373726/2023/2/21/4f2a906a-e730-4734-af83-4ec1a244af031676972569907SangriaGirlsGreenGoldenEthnicMotifsPrintReadytoWearLehengaCh1.jpg",com.scram.WebScrape.model.myntra.ProductCard,,lehenga-choli
64d8519a215cf753ad5bdc89,https://www.myntra.com/lehenga-choli/many-frocks-/many-frocks--girls-printed-ready-to-wear-lehenga-blouse-with-dupatta/24112352/buy,MANY FROCKS &,Ready to Wear Lehenga Choli,Rs. 1499,Rs. 1999,"https://assets.myntassets.com/dpr_2,q_60,w_210,c_limit,fl_progressive/assets/images/24112352/2023/7/20/d214e39e-100e-4a73-af71-a9277e7c49fd1689835224650LehengaCholi1.jpg",com.scram.WebScrape.model.myntra.ProductCard,,lehenga-choli
64d8519d215cf753ad5bdc8a,https://www.myntra.com/lehenga-choli/house-of-pataudi/house-of-pataudi-girls-yellow--blue-ready-to-wear-lehenga--blouse-with-dupatta/14499112/buy,House of Pataudi,Ready to Wear Lehenga Blouse With Dupatta,Rs. 839,Rs. 2799,"https://assets.myntassets.com/dpr_2,q_60,w_210,c_limit,fl_progressive/assets/images/14499112/2022/3/29/6a190b92-f48e-44d0-ad27-9e3d77dfe8fa1648563698850-House-of-Pataudi-Girls-Yellow--Blue-Ready-to-Wear-Lehenga--B-1.jpg",com.scram.WebScrape.model.myntra.ProductCard,,lehenga-choli
64d851a0215cf753ad5bdc8b,https://www.myntra.com/lehenga-choli/libas/libas-classic-burgundy-shade-gorgeous-embroidered-lehenga-with-solid-choli/14914168/buy,Libas,Classic Burgundy Shade Gorgeous Embroidered Lehenga with Solid Choli,Rs. 1749,Rs. 4999,"https://assets.myntassets.com/dpr_2,q_60,w_210,c_limit,fl_progressive/assets/images/14914168/2021/10/22/3d3d4c05-f256-4f55-8c85-2c1ba0bdb6211634904051248-Libas-Classic-Burgundy-Shade-Gorgeous-Embroidered-Lehenga-wi-1.jpg",com.scram.WebScrape.model.myntra.ProductCard,,lehenga-choli
64d851a3215cf753ad5bdc8c,https://www.myntra.com/lehenga-choli/sangria/sangria-teen-girl-maroon--white-ethnic-motif-ready-to-wear-cotton-lehenga-choli--dupatta/20032990/buy,Sangria,TeenGirls Cotton Lehenga Choli,Rs. 1109,Rs. 3699,"https://assets.myntassets.com/dpr_2,q_60,w_210,c_limit,fl_progressive/assets/images/20032990/2022/11/30/fa99f3f2-ced6-4820-a0a6-edbd1a68a8bc1669807997023SangriaTeenGirlMaroonWhiteEthnicMotifReadytoWearCottonLeheng1.jpg",com.scram.WebScrape.model.myntra.ProductCard,,lehenga-choli
64d851a6215cf753ad5bdc8d,https://www.myntra.com/lehenga-choli/yoyo-fashion/yoyo-fashion-embroidered-sequinned-semi-stitched-lehenga--unstitched-blouse-with-dupatta/23682998/buy,YOYO Fashion,Semi-Stitched Lehenga Choli,Rs. 1699,Rs. 3699,"https://assets.myntassets.com/dpr_2,q_60,w_210,c_limit,fl_progressive/assets/images/23682998/2023/6/19/66a22d39-1f20-4f5c-a2af-d53aaf6a7e491687185995913YOYOFashionPurpleEmbroideredSemi-StitchedLehengaUnstitchedBl1.jpg",com.scram.WebScrape.model.myntra.ProductCard,,lehenga-choli
64d851a9215cf753ad5bdc8e,https://www.myntra.com/lehenga-choli/fabpixel/fabpixel-printed-semi-stitched-lehenga--unstitched-blouse-with-dupatta/22030152/buy,FABPIXEL,Semi-Stitched Lehenga Unstitched Blouse With Dupatta,Rs. 2599,Rs. 9999,"https://assets.myntassets.com/dpr_2,q_60,w_210,c_limit,fl_progressive/assets/images/22030152/2023/2/17/54ca6bbe-dbf0-4675-bcf8-52edead5f2081676655906575BlueGeorgetteStripedFlaredLehengaCholiwithDupatta1.jpg",com.scram.WebScrape.model.myntra.ProductCard,,lehenga-choli
64d851ac215cf753ad5bdc8f,https://www.myntra.com/lehenga-choli/house-of-pataudi/house-of-pataudi-girls-blue-printed-ready-to-wear-jashn-lehenga--blouse-with-dupatta/15977350/buy,House of Pataudi,Ready to Wear Lehenga Choli,Rs. 599,Rs. 1999,"https://assets.myntassets.com/dpr_2,q_60,w_210,c_limit,fl_progressive/assets/images/15977350/2022/9/27/c703988f-2378-4b72-8c92-5ada519f6bac1664264143943-House-of-Pataudi-Girls-Blue-Printed-Ready-to-Wear-Jashn-Lehe-15.jpg",com.scram.WebScrape.model.myntra.ProductCard,,lehenga-choli
64d851af215cf753ad5bdc90,https://www.myntra.com/lehenga-choli/sangria/sangria-girls-maroon--white-ethnic-motifs-print-pure-cotton-ready-to-wear-lehenga-choli/14993752/buy,Sangria,Girls Cotton Lehenga Choli,Rs. 1019,Rs. 3399,"https://assets.myntassets.com/dpr_2,q_60,w_210,c_limit,fl_progressive/assets/images/14993752/2021/11/15/0a80801e-839e-4b14-ad70-70f92363901a1636968797060-Sangria-Girls-Maroon--White-Ethnic-Motifs-Print-Pure-Cotton--1.jpg",com.scram.WebScrape.model.myntra.ProductCard,,lehenga-choli
64d851b2215cf753ad5bdc91,https://www.myntra.com/lehenga-choli/bitiya-by-bhama/bitiya-by-bhama-girls-foil-printed-v-neck-lehenga--blouse-with-dupatta/22574804/buy,Bitiya by Bhama,Girls Cotton Lehenga Choli,Rs. 1349,Rs. 4499,"https://assets.myntassets.com/dpr_2,q_60,w_210,c_limit,fl_progressive/assets/images/22574804/2023/3/30/01842da6-84fd-49bf-b28f-c27e66b38ae01680119352928BitiyabyBhamaGirlsPeach-ColouredGold-TonedPrintedFoilPrintRe1.jpg",com.scram.WebScrape.model.myntra.ProductCard,,lehenga-choli
64d851b5215cf753ad5bdc92,https://www.myntra.com/lehenga-choli/janasya/janasya-women-maroon-cotton-block-print-lehenga-choli-with-dupatta/20453176/buy,Janasya,Lehenga Blouse With Dupatta,Rs. 2831,Rs. 4799,"https://assets.myntassets.com/dpr_2,q_60,w_210,c_limit,fl_progressive/assets/images/20453176/2022/10/19/99f6b05f-3790-417f-8611-c7d7ce26531e1666143698683JanasyaWomensMaroonCottonBlockPrintLehengaCholiWithDupatta1.jpg",com.scram.WebScrape.model.myntra.ProductCard,,lehenga-choli
64d851b8215cf753ad5bdc93,https://www.myntra.com/lehenga-choli/tiber+taber/tiber-taber-girls-embroidered-ready-to-wear-lehenga--blouse-with-dupatta/24146780/buy,Tiber Taber,Girls Lehenga Choli,,,"https://assets.myntassets.com/dpr_2,q_60,w_210,c_limit,fl_progressive/assets/images/24146780/2023/7/22/8d44d1df-833a-4927-bf3b-969dfa5592351689969465567TiberTaberGirlsYellowGreenReadytoWearLehengaBlouseWithDupatt1.jpg",com.scram.WebScrape.model.myntra.ProductCard,,lehenga-choli
64d851bc215cf753ad5bdc94,https://www.myntra.com/lehenga-choli/sangria/sangria-teen-girls-black-bandhani-mandarin-neck-puff-sleeves-ready-to-wear-lehenga--choli/20033008/buy,Sangria,Teen Girls Print Lehenga Choli,Rs. 1049,Rs. 3499,"https://assets.myntassets.com/dpr_2,q_60,w_210,c_limit,fl_progressive/assets/images/20033008/2022/12/8/f7f925c5-99dc-4c60-9e68-05994de585f71670495530144SangriaTeenGirlsBlackBandhaniMandarinNeckPuffSleevesReadytoW1.jpg",com.scram.WebScrape.model.myntra.ProductCard,,lehenga-choli
64d851bf215cf753ad5bdc95,https://www.myntra.com/lehenga-choli/fabpixel/fabpixel-floral-printed-semi-stitched-pleated-lehenga-choli-with-dupatta/22708506/buy,FABPIXEL,Semi-Stitched Lehenga Choli,Rs. 2899,Rs. 9999,"https://assets.myntassets.com/dpr_2,q_60,w_210,c_limit,fl_progressive/assets/images/22708506/2023/4/8/55c02fad-214b-4b98-ba04-8d4692514b1d1680977222476WhiteFloralEmbroideredGeorgetteLehengaCholiwithDupatta1.jpg",com.scram.WebScrape.model.myntra.ProductCard,,lehenga-choli
64d851c2215cf753ad5bdc96,https://www.myntra.com/lehenga-choli/readiprint-fashions/readiprint-fashions-girls-pink--magenta-printed-ready-to-wear-lehenga--blouse-with-dupatta/20518466/buy,Readiprint Fashions,Ready to Wear Lehenga Blouse With Dupatta,Rs. 1150,Rs. 2300,"https://assets.myntassets.com/dpr_2,q_60,w_210,c_limit,fl_progressive/assets/images/20518466/2022/11/3/e9edf8de-b714-4e37-b64d-7b10cd3721f51667471699134-Readiprint-Fashions-Girls-Lehenga-Choli-3831667471698354-1.jpg",com.scram.WebScrape.model.myntra.ProductCard,,lehenga-choli
64d851c5215cf753ad5bdc97,https://www.myntra.com/lehenga-choli/atun/atun-girls-ready-to-wear-lehenga--blouse-with-dupatta/24079384/buy,A.T.U.N.,Girls Lehenga Choli Set,Rs. 1499,Rs. 4999,"https://assets.myntassets.com/dpr_2,q_60,w_210,c_limit,fl_progressive/assets/images/24079384/2023/7/18/0e137e74-5860-4433-8f2e-f3660425a5ac1689682544385LehengaCholi1.jpg",com.scram.WebScrape.model.myntra.ProductCard,,lehenga-choli
64d851c8215cf753ad5bdc98,https://www.myntra.com/lehenga-choli/sangria/sangria-teen-girls-blue-bandhani-mandarin-neck-puff-sleeves-ready-to-wear-lehenga--choli/20033004/buy,Sangria,Teen Girls Print Lehenga Choli,Rs. 1049,Rs. 3499,"https://assets.myntassets.com/dpr_2,q_60,w_210,c_limit,fl_progressive/assets/images/20033004/2022/12/8/62c8165e-8e86-41ed-8add-1b683f23e04d1670495527603SangriaTeenGirlsBlueBandhaniMandarinNeckPuffSleevesReadytoWe1.jpg",com.scram.WebScrape.model.myntra.ProductCard,,lehenga-choli
64d851cb215cf753ad5bdc99,https://www.myntra.com/lehenga-choli/halfsaree+studio/halfsaree-studio-semi-stitched-lehenga--unstitched-blouse-with-dupatta/24395770/buy,HALFSAREE STUDIO,Semi-Stitched Lehenga Choli,,,"https://assets.myntassets.com/dpr_2,q_60,w_210,c_limit,fl_progressive/assets/images/24395770/2023/8/8/0f593830-7514-4463-a837-3d529d60bd991691472842895LIGHTGREENBANARASISILKZARIWOVENPLEATINGLEHENGA1.jpg",com.scram.WebScrape.model.myntra.ProductCard,,lehenga-choli
64d851ce215cf753ad5bdc9a,https://www.myntra.com/lehenga-choli/bitiya-by-bhama/bitiya-by-bhama-girls-pink--orange-thread-work-ready-to-wear-lehenga--blouse/15101030/buy,Bitiya by Bhama,Ready to Wear Lehenga Blouse,Rs. 671,Rs. 4799,"https://assets.myntassets.com/dpr_2,q_60,w_210,c_limit,fl_progressive/assets/images/15101030/2021/8/10/af4ca8c8-96d9-4061-9eca-f7c56acdd3b61628605534370BitiyabyBhamaPinkMustardReadytoWearLehengawithBlouse1.jpg",com.scram.WebScrape.model.myntra.ProductCard,,lehenga-choli
64d851d1215cf753ad5bdc9b,https://www.myntra.com/lehenga-choli/panchhi/panchhi-mauve--orange-embroidered-sequinned-semi-stitched-lehenga--unstitched-blouse-with-dupatta/16865172/buy,panchhi,Semi-Stitched Lehenga Unstitched Blouse With Dupatta,Rs. 5919,Rs. 15999,"https://assets.myntassets.com/dpr_2,q_60,w_210,c_limit,fl_progressive/assets/images/16865172/2023/7/11/abb87927-13f6-4b63-a829-95e58f1abcc61689054726907-panchhi-Mauve--Orange-Embroidered-Sequinned-Semi-Stitched-Le-1.jpg",com.scram.WebScrape.model.myntra.ProductCard,,lehenga-choli
64d851d4215cf753ad5bdc9c,https://www.myntra.com/lehenga-choli/sangria/sangria-girls-multicoloured-ready-to-wear-lehenga-with-blouse/14993570/buy,Sangria,Girls Lehenga With Blouse,Rs. 749,Rs. 2499,"https://assets.myntassets.com/dpr_2,q_60,w_210,c_limit,fl_progressive/assets/images/14993570/2022/12/28/acba099c-003d-4de0-8ff7-8661846ea2661672228619996SangriaGirlsMulticolouredReadytoWearLehengaWithBlouse1.jpg",com.scram.WebScrape.model.myntra.ProductCard,,lehenga-choli
64d851d7215cf753ad5bdc9d,https://www.myntra.com/lehenga-choli/fabpixel/fabpixel-embroidered-sequinned-semi-stitched-lehenga--unstitched-blouse-with-dupatta/23731844/buy,FABPIXEL,Lehenga With Blouse & Dupatta,Rs. 4099,Rs. 9999,"https://assets.myntassets.com/dpr_2,q_60,w_210,c_limit,fl_progressive/assets/images/23731844/2023/6/23/9db44f6c-e112-4f57-9a57-f23d446944851687497602240HotPinkEmbroideredSequinsZariWorkGeorgetteLehengaCholiwithDu1.jpg",com.scram.WebScrape.model.myntra.ProductCard,,lehenga-choli
64d851da215cf753ad5bdc9e,https://www.myntra.com/lehenga-choli/looknbook-art/looknbook-art-printed-foil-print-semi-stitched-lehenga--unstitched-blouse-with-dupatta/23832448/buy,LOOKNBOOK ART,Semi-Stitched Lehenga Unstitched Blouse With Dupatta,Rs. 2640,Rs. 4800,"https://assets.myntassets.com/dpr_2,q_60,w_210,c_limit,fl_progressive/assets/images/23832448/2023/6/30/1bb11652-a700-44b5-985d-b1336d833a781688148811288PinkColourDolaSilkWithPatolaPrintedLehengaCholi1.jpg",com.scram.WebScrape.model.myntra.ProductCard,,lehenga-choli
64d851dd215cf753ad5bdc9f,https://www.myntra.com/lehenga-choli/vidraa-western-store/vidraa-western-store-ethnic-motifs-embroidered-ready-to-wear-lehenga--blouse-with-dupatta/23797854/buy,Vidraa Western Store,Lehenga & Blouse With Dupatta,Rs. 2999,Rs. 6999,"https://assets.myntassets.com/dpr_2,q_60,w_210,c_limit,fl_progressive/assets/images/23797854/2023/6/28/7523fd97-a86c-4558-af8a-e4d4a2fd1c181687963997316BeautifulBlackcoloredHeavyEmbrodeirySequanceworkedSleeveless1.jpg",com.scram.WebScrape.model.myntra.ProductCard,,lehenga-choli
64d851e0215cf753ad5bdca0,https://www.myntra.com/lehenga-choli/sangria/sangria-teen-girls-burgundy--white-ethnic-motifs-print-ready-to-wear-cotton-lehenga-choli/19373724/buy,Sangria,Teen Girls Cotton LehengaCholi,Rs. 1019,Rs. 3399,"https://assets.myntassets.com/dpr_2,q_60,w_210,c_limit,fl_progressive/assets/images/19373724/2022/11/30/61ffa2e0-deda-4a5e-913e-168cd8d282f91669808022727SangriaTeenGirlsBurgundyWhiteEthnicMotifsPrintReadytoWearCot1.jpg",com.scram.WebScrape.model.myntra.ProductCard,,lehenga-choli
64d851e4215cf753ad5bdca1,https://www.myntra.com/lehenga-choli/panchhi/panchhi-red--pink-ombre-dyed-sequinned-semi-stitched-lehenga--unstitched-blouse-dupatta/18624656/buy,panchhi,Semi-Stitched Lehenga Unstitched Blouse With Dupatta,Rs. 7409,Rs. 12999,"https://assets.myntassets.com/dpr_2,q_60,w_210,c_limit,fl_progressive/assets/images/18624656/2022/6/22/28f62009-3be5-4a87-9092-3c90542b7ffa1655889156405-panchhi-Women-Lehenga-Choli-201655889155644-1.jpg",com.scram.WebScrape.model.myntra.ProductCard,,lehenga-choli
64d851e7215cf753ad5bdca2,https://www.myntra.com/lehenga-choli/fabpixel/fabpixel-blue--peach-coloured-embroidered-sequinned-shibori-semi-stitched-lehenga--unstitched-blouse-with/18743890/buy,FABPIXEL,Semi-Stitched Lehenga Unstitched Blouse With Dupatta,Rs. 3299,Rs. 9999,"https://assets.myntassets.com/dpr_2,q_60,w_210,c_limit,fl_progressive/assets/images/18743890/2022/6/15/f3551a70-3143-4caa-a5d0-a294527ba44f1655302193319FABPIXELBluePeach-ColouredEmbroideredSequinnedShiboriSemi-St1.jpg",com.scram.WebScrape.model.myntra.ProductCard,,lehenga-choli
64d851ea215cf753ad5bdca3,https://www.myntra.com/lehenga-choli/amrutam-fab/amrutam-fab-white--pink-printed-semi-stitched-lehenga--unstitched-blouse-with-dupatta/19415964/buy,Amrutam Fab,Semi-Stitched Lehenga Set,Rs. 1299,Rs. 6999,"https://assets.myntassets.com/dpr_2,q_60,w_210,c_limit,fl_progressive/assets/images/19415964/2022/8/6/a7723afd-4f50-4a49-9b70-2971f87ad5461659785808535LehengaCholi1.jpg",com.scram.WebScrape.model.myntra.ProductCard,,lehenga-choli
64d851ed215cf753ad5bdca4,https://www.myntra.com/lehenga-choli/sangria/sangria-teen-girl-purple--white-ethnic-motif-ready-to-wear-cotton-lehenga-choli--dupatta/20033006/buy,Sangria,TeenGirls Cotton Lehenga Choli,Rs. 1109,Rs. 3699,"https://assets.myntassets.com/dpr_2,q_60,w_210,c_limit,fl_progressive/assets/images/20033006/2022/11/30/a32fd332-2d50-46f1-81c4-55d5ad9968b11669808000907SangriaTeenGirlPurpleWhiteEthnicMotifReadytoWearCottonLeheng1.jpg",com.scram.WebScrape.model.myntra.ProductCard,,lehenga-choli
64d851f0215cf753ad5bdca5,https://www.myntra.com/lehenga-choli/fabindia/fabindia-infants-girls-floral-printed-sequinned-cotton-ready-to-wear-lehenga--choli/24333916/buy,Fabindia,Girls Cotton Lehenga Set,,,"https://assets.myntassets.com/dpr_2,q_60,w_210,c_limit,fl_progressive/assets/images/24333916/2023/8/3/3422a591-866f-4ee5-a705-0f0345568a141691086095389FabindiaOrangeCottonHandBlockPrintedLehengaSet1.jpg",com.scram.WebScrape.model.myntra.ProductCard,,lehenga-choli
64d851f3215cf753ad5bdca6,https://www.myntra.com/lehenga-choli/atun/a-t-u-n-girls-yellow--pink-embroidered-thread-work-ready-to-wear-lehenga--blouse-with-dupatta/19847878/buy,A.T.U.N.,Ready to Wear Lehenga Set,Rs. 1599,Rs. 3999,"https://assets.myntassets.com/dpr_2,q_60,w_210,c_limit,fl_progressive/assets/images/19847878/2022/9/8/5974fa4e-65af-47ac-b903-4cb8eb166c121662621088176ATUNGirlsYellowPinkEmbroideredReadytoWearLehengaBlouseWithDu1.jpg",com.scram.WebScrape.model.myntra.ProductCard,,lehenga-choli
64d851f6215cf753ad5bdca7,https://www.myntra.com/lehenga-choli/khushal-k/khushal-k-floral-printed-cotton-lehenga--blouse-with-dupatta/22561006/buy,Khushal K,Printed Cotton Lehenga Choli,Rs. 1975,Rs. 7599,"https://assets.myntassets.com/dpr_2,q_60,w_210,c_limit,fl_progressive/assets/images/22561006/2023/3/29/05c50bff-f2fc-4225-8b56-8cfa1547b3891680087719973KhushalKWomenLehengaCholi1.jpg",com.scram.WebScrape.model.myntra.ProductCard,,lehenga-choli
64d851f9215cf753ad5bdca8,https://www.myntra.com/lehenga-choli/pspeaches/pspeaches-girls-orange--blue-printed-ready-to-wear-lehenga--blouse-with-dupatta/18095444/buy,pspeaches,Ready to Wear Lehenga Blouse With Dupatta,Rs. 1113,Rs. 4283,"https://assets.myntassets.com/dpr_2,q_60,w_210,c_limit,fl_progressive/assets/images/18095444/2022/7/22/1c04eeca-8b87-4a0e-8ce5-4d07b411cd051658464246929pspeachesGirlsOrangeBluePrintedReadytoWearLehengaBlouseWithD1.jpg",com.scram.WebScrape.model.myntra.ProductCard,,lehenga-choli
64d851fc215cf753ad5bdca9,https://www.myntra.com/lehenga-choli/baesd/baesd-girls-v-neck-ready-to-wear-lehenga--blouse-with-dupatta/23572888/buy,BAESD,Ready to Wear Lehenga Choli,Rs. 599,Rs. 3999,"https://assets.myntassets.com/dpr_2,q_60,w_210,c_limit,fl_progressive/assets/images/23572888/2023/6/9/a10a32c4-adc0-4310-a650-97c1b5503d171686272569882BAESDGirlsMustardPinkReadytoWearLehengaBlouseWithDupatta1.jpg",com.scram.WebScrape.model.myntra.ProductCard,,lehenga-choli
64d851ff215cf753ad5bdcaa,https://www.myntra.com/lehenga-choli/sangria/sangria-girls-yellow--red--chevron-printed-ready-to-wear-lehenga--choli/20033000/buy,Sangria,Girls Ready to Wear Lehenga,Rs. 869,Rs. 2899,"https://assets.myntassets.com/dpr_2,q_60,w_210,c_limit,fl_progressive/assets/images/20033000/2022/11/23/5d7bac48-9be9-4981-8665-1c805934ec711669205417170-Sangria-Girls-Yellow--Red--Chevron-Printed-Ready-to-Wear-Leh-1.jpg",com.scram.WebScrape.model.myntra.ProductCard,,lehenga-choli
64d85202215cf753ad5bdcab,https://www.myntra.com/lehenga-choli/tiny-kingdom/tiny-kingdom-girls-printed-ready-to-wear-lehenga--blouse-with-dupatta/23627878/buy,Tiny Kingdom,Ready to Wear Lehenga Choli,Rs. 3400,Rs. 4000,"https://assets.myntassets.com/dpr_2,q_60,w_210,c_limit,fl_progressive/assets/images/23627878/2023/6/14/e765cf67-6957-4259-aa84-56f22fb9b48b1686739070979TinyKingdomGirlsBlueGreenPrintedReadytoWearLehengaBlouseWith1.jpg",com.scram.WebScrape.model.myntra.ProductCard,,lehenga-choli
64d85205215cf753ad5bdcac,https://www.myntra.com/lehenga-choli/shae-by-sassafras/shae-by-sassafras-women-chanderi-printed-lehenga--crop-top/19798068/buy,Shae by SASSAFRAS,Chanderi Lehenga & Crop Top,Rs. 1574,Rs. 4499,"https://assets.myntassets.com/dpr_2,q_60,w_210,c_limit,fl_progressive/assets/images/19798068/2022/9/5/9341b21e-2b04-4e6c-b423-36a3cafacce71662369460228ShaebySASSAFRASYellowGreenPrintedReadytoWearLehenga1.jpg",com.scram.WebScrape.model.myntra.ProductCard,,lehenga-choli
64d85208215cf753ad5bdcad,https://www.myntra.com/lehenga-choli/pspeaches/pspeaches-girls-coral--yellow-ready-to-wear-lehenga-choli/19840378/buy,pspeaches,Ready to Wear Lehenga Choli,Rs. 1359,Rs. 4854,"https://assets.myntassets.com/dpr_2,q_60,w_210,c_limit,fl_progressive/assets/images/19840378/2022/9/7/f63f46b4-28a3-4ae4-b3e8-03e039adc1761662555715036pspeachesGirlsCoralYellowReadytoWearLehenga1.jpg",com.scram.WebScrape.model.myntra.ProductCard,,lehenga-choli
64d8520c215cf753ad5bdcae,https://www.myntra.com/lehenga-choli/looknbook-art/looknbook-art-foil-printed-semi-stitched-lehenga--unstitched-blouse-with-dupatta/23438302/buy,LOOKNBOOK ART,Semi-Stitched Lehenga Choli,Rs. 2640,Rs. 4800,"https://assets.myntassets.com/dpr_2,q_60,w_210,c_limit,fl_progressive/assets/images/23438302/2023/5/27/68464e0e-eb53-49fe-a387-84d9c2f4a1a91685136093459MustardColourDolaSilkWithPrintedAndFoilWorkLehengaCholi1.jpg",com.scram.WebScrape.model.myntra.ProductCard,,lehenga-choli
64d8520f215cf753ad5bdcaf,https://www.myntra.com/lehenga-choli/saka-designs/saka-designs-girls-woven-design-sequinned-ready-to-wear-lehenga-choli-with-dupatta/22683870/buy,SAKA DESIGNS,Ready to Wear Lehenga Choli,Rs. 1559,Rs. 2999,"https://assets.myntassets.com/dpr_2,q_60,w_210,c_limit,fl_progressive/assets/images/22683870/2023/4/7/a7696a2b-cdbd-48f5-b0db-b1e4764f9e271680807687051SAKADESIGNSGirlsLehengaCholi1.jpg",com.scram.WebScrape.model.myntra.ProductCard,,lehenga-choli
64d85212215cf753ad5bdcb0,https://www.myntra.com/lehenga-choli/anouk/anouk-stylish-black-solid-ready-to-wear-lehenga-choli-with-dupatta/14324806/buy,Anouk,Ready to Wear Lehenga Choli with Dupatta,Rs. 1315,Rs. 4699,"https://assets.myntassets.com/dpr_2,q_60,w_210,c_limit,fl_progressive/assets/images/14324806/2021/10/28/9eb44c26-e71e-4dea-af2a-7f059e1953d11635423556506-Anouk-Women-Lehenga-Choli-5591635423555779-3.jpg",com.scram.WebScrape.model.myntra.ProductCard,,lehenga-choli
64d85215215cf753ad5bdcb1,https://www.myntra.com/lehenga-choli/fabindia/fabindia-infant-girls-floral-printed-sequinned-cotton-ready-to-wear-lehenga--choli/24333918/buy,Fabindia,Girls Cotton Lehenga Set,,,"https://assets.myntassets.com/dpr_2,q_60,w_210,c_limit,fl_progressive/assets/images/24333918/2023/8/3/73bb32b5-58da-4c35-9cf8-6efa415eb0fa1691086101542FabindiaTealCottonSilkBlendPrintedLehengaSet1.jpg",com.scram.WebScrape.model.myntra.ProductCard,,lehenga-choli
64d85218215cf753ad5bdcb2,https://www.myntra.com/lehenga-choli/pspeaches/ps-peaches-girls-red--blue-floral-lehenga-choli-set/14988648/buy,pspeaches,Floral Lehenga Choli Set,Rs. 1113,Rs. 4282,"https://assets.myntassets.com/dpr_2,q_60,w_210,c_limit,fl_progressive/assets/images/14988648/2021/7/30/c5907b00-3e78-4c87-80b1-9f430357d6ad1627663481222LehengaCholi1.jpg",com.scram.WebScrape.model.myntra.ProductCard,,lehenga-choli
64d8521b215cf753ad5bdcb3,https://www.myntra.com/lehenga-choli/divastri/divastri-blue--green-woven-design-lehenga-choli/13922350/buy,DIVASTRI,Woven Design Lehenga Choli,Rs. 1319,Rs. 5999,"https://assets.myntassets.com/dpr_2,q_60,w_210,c_limit,fl_progressive/assets/images/13922350/2021/6/21/6f52e6d4-5441-4541-a4ef-4c2c28f0a0b61624257569988-DIVASTRI-Women-Lehenga-Choli-1011624257569067-1.jpg",com.scram.WebScrape.model.myntra.ProductCard,,lehenga-choli
